protid	LeidenCluster
A0A022Q2F2	LC02
A0A022QKV9	LC02
A0A026WSL6	LC03
A0A034WL34	LC03
A0A059BSU3	LC02
A0A059X7S8	LC01
A0A060XFY4	LC05
A0A060XN50	LC04
A0A060YKQ7	LC10
A0A061FIW4	LC02
A0A061FJL3	LC02
A0A061FK33	LC02
A0A061FKR5	LC02
A0A061ICV1	LC00
A0A061IKI6	LC11
A0A061R5G2	LC02
A0A067H823	LC02
A0A067H8E5	LC02
A0A067KF25	LC02
A0A067QVF5	LC00
A0A067RDT0	LC00
A0A068VGR5	LC02
A0A077ZC00	LC07
A0A077ZDK3	LC08
A0A077ZJU2	LC01
A0A081CBY1	LC08
A0A084WSR2	LC03
A0A087HHL6	LC02
A0A087SND5	LC02
A0A087XSW1	LC05
A0A087Y010	LC04
A0A087Y951	LC00
A0A087YLD5	LC04
A0A090M7J7	LC02
A0A091CQI5	LC00
A0A091CTN0	LC04
A0A091DI34	LC05
A0A095S8C9	LC03
A0A096LS56	LC00
A0A096NF31	LC05
A0A0A0KSW5	LC02
A0A0A1X1D0	LC03
A0A0B4XS55	LC03
A0A0B6Z8N4	LC00
A0A0B6ZPP8	LC03
A0A0C9RWH1	LC03
A0A0D2RVD5	LC02
A0A0D2VVH0	LC05
A0A0D3APY3	LC02
A0A0D3D009	LC02
A0A0D9QXA5	LC00
A0A0D9QXT7	LC04
A0A0D9RSL2	LC05
A0A0E0LJ30	LC02
A0A0F8CN36	LC00
A0A0F9U6U9	LC03
A0A0F9XY81	LC06
A0A0F9Y1D1	LC06
A0A0F9YNU6	LC06
A0A0F9Z916	LC06
A0A0G0A8J8	LC06
A0A0G0ABD1	LC06
A0A0G0BY53	LC03
A0A0G0VAV8	LC06
A0A0G0XIU9	LC03
A0A0G1B3W3	LC06
A0A0G1DCC9	LC06
A0A0G1DWY3	LC06
A0A0G1FTG7	LC01
A0A0G2K478	LC05
A0A0G2K7Q6	LC07
A0A0G7ZN08	LC02
A0A0G7ZN31	LC02
A0A0H3GL15	LC09
A0A0H5SNW0	LC03
A0A0J9Y701	LC08
A0A0K0DX59	LC07
A0A0K0E0V8	LC08
A0A0K0E7H5	LC03
A0A0K8V759	LC03
A0A0K9NNF6	LC02
A0A0L0DTC9	LC06
A0A0L7LS85	LC00
A0A0L7QXH2	LC03
A0A0L8GMY9	LC00
A0A0L9UK08	LC02
A0A0M4EIP9	LC03
A0A0N4UIJ2	LC07
A0A0N7KKU0	LC02
A0A0N8K113	LC04
A0A0P0WMS7	LC02
A0A0P4W058	LC00
A0A0P4WB18	LC00
A0A0P4WIK3	LC00
A0A0P6CW53	LC00
A0A0P6J8S4	LC05
A0A0P6JEE1	LC04
A0A0P7UE08	LC00
A0A0Q3IJX3	LC02
A0A0Q3P736	LC05
A0A0Q3QY57	LC02
A0A0Q3TPT9	LC00
A0A0Q4B7A9	LC03
A0A0Q6VH63	LC03
A0A0Q9WGW9	LC03
A0A0R0KK80	LC02
A0A0R0KKF2	LC02
A0A0R3TQU0	LC00
A0A0S2HXK4	LC03
A0A0S4KLM8	LC06
A0A0S7I248	LC00
A0A0T6B011	LC00
A0A0U9HSY3	LC02
A0A0V0J8Y6	LC03
A0A0V0JAI5	LC03
A0A0V0R717	LC05
A0A0V0R7D7	LC02
A0A103XBK1	LC02
A0A103XXJ6	LC02
A0A131XDG4	LC00
A0A132AGV3	LC03
A0A132P6M4	LC01
A0A132ZBL8	LC03
A0A133CWM0	LC03
A0A136IPL8	LC08
A0A139WLL6	LC00
A0A150FZS0	LC02
A0A150LHM8	LC06
A0A151IAQ9	LC03
A0A151M771	LC04
A0A151N559	LC04
A0A151N750	LC00
A0A154P3A3	LC03
A0A158NT48	LC03
A0A158NYX3	LC03
A0A158Q431	LC03
A0A166G5A6	LC02
A0A175W0H7	LC07
A0A175W408	LC08
A0A176VG54	LC02
A0A176W368	LC02
A0A177AW13	LC03
A0A177B166	LC00
A0A182PKX0	LC00
A0A194PIL6	LC03
A0A194Q3Z2	LC00
A0A194QV82	LC00
A0A195B780	LC03
A0A195D0U1	LC03
A0A195EGL4	LC03
A0A195FSR2	LC03
A0A199ULR7	LC02
A0A199W0Z0	LC02
A0A1A6H3G2	LC10
A0A1A7ZRI2	LC05
A0A1A8FTL9	LC11
A0A1A8H4I3	LC11
A0A1A8NGB1	LC10
A0A1A8U439	LC04
A0A1A9VXT8	LC03
A0A1A9WMC8	LC00
A0A1A9WXT2	LC03
A0A1B6C1H1	LC03
A0A1B6CFZ0	LC00
A0A1B6ETS7	LC00
A0A1B6HCD5	LC00
A0A1D1VEQ6	LC06
A0A1D2NEM5	LC00
A0A1D2NID5	LC00
A0A1D6HSN2	LC07
A0A1D6J2Q8	LC07
A0A1D6N5W7	LC02
A0A1D8PQH7	LC08
A0A1E5VV94	LC02
A0A1E5W9C6	LC02
A0A1F4PGW4	LC06
A0A1F4PJ25	LC06
A0A1F4PL34	LC06
A0A1F4PNF7	LC06
A0A1F4PR79	LC06
A0A1F4QLW2	LC06
A0A1F4QMU5	LC03
A0A1F4UID2	LC01
A0A1F5Z853	LC03
A0A1F7XW06	LC06
A0A1F9MJ40	LC03
A0A1G1CID4	LC03
A0A1G2QAT6	LC01
A0A1G9LYA3	LC03
A0A1H1WX56	LC06
A0A1H3DRV9	LC03
A0A1H3NKL8	LC06
A0A1H7W769	LC03
A0A1H8T007	LC03
A0A1I1GW39	LC08
A0A1I2EJP6	LC03
A0A1I8HH01	LC03
A0A1I8IDH5	LC06
A0A1I8J6Y9	LC03
A0A1I8M992	LC03
A0A1I8M996	LC03
A0A1I8PEZ2	LC03
A0A1I9G188	LC08
A0A1J1IG94	LC00
A0A1J1IJP4	LC00
A0A1J7HTW1	LC02
A0A1L8GUV0	LC05
A0A1L8HV70	LC04
A0A1L8HV98	LC04
A0A1Q3CJS7	LC02
A0A1Q6EC12	LC03
A0A1R3JHF2	LC02
A0A1R3JZI3	LC02
A0A1S2Y597	LC02
A0A1S2ZGG2	LC05
A0A1S3CAQ1	LC02
A0A1S3EW03	LC00
A0A1S3FHL5	LC05
A0A1S3GN16	LC05
A0A1S3JE38	LC00
A0A1S3JWV6	LC00
A0A1S3K524	LC00
A0A1S3K5E8	LC00
A0A1S3K654	LC00
A0A1S3KTJ5	LC00
A0A1S3NMU6	LC05
A0A1S3NNA2	LC11
A0A1S3PTI2	LC00
A0A1S3PTL2	LC00
A0A1S3RPI9	LC04
A0A1S3VYI4	LC02
A0A1S3W5R5	LC11
A0A1S3W5X1	LC00
A0A1S3W787	LC11
A0A1S3XJH6	LC02
A0A1S4CZQ1	LC02
A0A1T5HYA3	LC03
A0A1U7QGX1	LC00
A0A1U7QN75	LC05
A0A1U7T7D8	LC00
A0A1U7TRH4	LC10
A0A1U7U1H4	LC11
A0A1U7UBD5	LC11
A0A1U7X9Q1	LC02
A0A1U7ZSJ4	LC02
A0A1U8BQQ6	LC05
A0A1U8DI58	LC11
A0A1U8I616	LC02
A0A1V1PJM2	LC03
A0A1V4K0M3	LC00
A0A1V4KSR3	LC05
A0A1V4KW06	LC04
A0A1V4KZK6	LC04
A0A1V5R1Z7	LC06
A0A1V5R228	LC03
A0A1W0W353	LC02
A0A1W0X816	LC03
A0A1W2Q6F8	LC03
A0A1W4X2M2	LC00
A0A1X7SFV5	LC03
A0A1X7UDA7	LC03
A0A1X7V307	LC06
A0A1X7VMT7	LC00
A0A1Y0CH15	LC06
A0A1Y1N5E8	LC00
A0A1Y1XUD0	LC08
A0A1Y3WT44	LC03
A0A1Y5HXP8	LC02
A0A1Z5R3G2	LC02
A0A200QR38	LC02
A0A210PXM8	LC00
A0A210QBJ7	LC00
A0A210QXW3	LC03
A0A210R2L5	LC03
A0A212CX46	LC11
A0A212DBF4	LC03
A0A212ERF0	LC03
A0A218U9R0	LC10
A0A218UR41	LC10
A0A218W5F8	LC02
A0A226DEQ4	LC03
A0A226F7A0	LC00
A0A226MFL4	LC10
A0A226MVD3	LC04
A0A226MVW9	LC04
A0A242GDZ2	LC03
A0A250XLP2	LC02
A0A250YB85	LC11
A0A251T8I2	LC02
A0A256YAJ4	LC03
A0A258JEV2	LC03
A0A293NHG3	LC06
A0A2A3E9P9	LC03
A0A2A4WX42	LC06
A0A2A5BCG8	LC02
A0A2B4RA28	LC03
A0A2C9L8K5	LC06
A0A2D0PPW1	LC05
A0A2D0Q5J7	LC00
A0A2D0Q6P7	LC00
A0A2D0Q9C2	LC00
A0A2D0SXA6	LC04
A0A2D0T1Q9	LC04
A0A2D5MVE7	LC03
A0A2D6K550	LC03
A0A2D9HB00	LC03
A0A2D9P6W5	LC06
A0A2E0E6F8	LC06
A0A2E1CPI2	LC07
A0A2E5WM38	LC06
A0A2E6XWC7	LC06
A0A2E6XWH5	LC06
A0A2F0ARN0	LC03
A0A2G2WYC3	LC02
A0A2G2ZNL2	LC02
A0A2G4HAC8	LC03
A0A2G4IE86	LC06
A0A2G5C812	LC02
A0A2G8KR85	LC03
A0A2H1V7L8	LC00
A0A2H5NHM9	LC02
A0A2I0B410	LC02
A0A2I0JD00	LC02
A0A2I0M806	LC00
A0A2I0M9V7	LC05
A0A2I0TLS6	LC10
A0A2I2YFB2	LC05
A0A2I2YPC2	LC04
A0A2I3I0A1	LC05
A0A2I3TBX7	LC00
A0A2I4AKH4	LC10
A0A2I4AWN5	LC00
A0A2I4CHM0	LC04
A0A2I4CRK7	LC03
A0A2I4CS64	LC04
A0A2I4GB36	LC02
A0A2I4H3D4	LC02
A0A2J6LWI9	LC02
A0A2J7QN86	LC00
A0A2J8ADF8	LC06
A0A2J8UTT7	LC10
A0A2J8UTU0	LC04
A0A2K1JQX2	LC02
A0A2K5CTI8	LC05
A0A2K5CTJ5	LC10
A0A2K5DXG6	LC04
A0A2K5EK31	LC03
A0A2K5J182	LC05
A0A2K5J187	LC10
A0A2K5J5Q3	LC00
A0A2K5L3A2	LC04
A0A2K5U9Y2	LC04
A0A2K5Y120	LC04
A0A2K5YGN4	LC05
A0A2K6B574	LC04
A0A2K6C8E3	LC00
A0A2K6EKN7	LC00
A0A2K6EKQ1	LC00
A0A2K6GHC5	LC05
A0A2K6MSE0	LC05
A0A2K6MSF5	LC10
A0A2K6NYL0	LC10
A0A2K6NYL3	LC05
A0A2K6Q8M3	LC00
A0A2K6QUM1	LC04
A0A2K6S3D6	LC05
A0A2K6U347	LC04
A0A2K6UAL0	LC00
A0A2K8NUD7	LC03
A0A2M7R0L0	LC03
A0A2M8BYB7	LC03
A0A2M8NPM6	LC03
A0A2N2F665	LC03
A0A2N6U3S1	LC06
A0A2P2I6R5	LC00
A0A2P2I8W1	LC00
A0A2P4S689	LC05
A0A2P5ANC9	LC02
A0A2P5DUM4	LC02
A0A2P5WV09	LC02
A0A2P6TLX6	LC02
A0A2P6VHP9	LC02
A0A2R6QYW7	LC02
A0A2R6RP62	LC02
A0A2R6X9S1	LC02
A0A2R6XYL4	LC03
A0A2R9BA40	LC04
A0A2R9BAJ0	LC00
A0A2R9BMT5	LC10
A0A2S2QP03	LC06
A0A2S2R2U8	LC00
A0A2S3HPI2	LC02
A0A2S3HPK0	LC02
A0A2T3MQR7	LC03
A0A2T4IAB1	LC03
A0A2T5G5G8	LC06
A0A2T7DDV9	LC02
A0A2T7DDW0	LC02
A0A2T7EDG4	LC02
A0A2T7EM93	LC02
A0A2T7EM94	LC02
A0A2T7EM95	LC02
A0A2T7EMA0	LC02
A0A2T7PX51	LC00
A0A2U1QF40	LC02
A0A2U3VE62	LC04
A0A2U3VFI2	LC00
A0A2U3VFK0	LC00
A0A2U3VG04	LC00
A0A2U3VTT3	LC05
A0A2U3XD29	LC04
A0A2U3XKU5	LC00
A0A2U4B4U6	LC04
A0A2U4B4V3	LC04
A0A2U4B4V9	LC04
A0A2U4B501	LC04
A0A2U4B588	LC04
A0A2U4BWU3	LC10
A0A2U4BX08	LC05
A0A2U9B6X8	LC04
A0A2U9B7H2	LC04
A0A2U9BV73	LC05
A0A2U9CDH1	LC03
A0A2U9CIR1	LC04
A0A2V0NZH3	LC08
A0A2W5FF61	LC03
A0A2Y9D7C7	LC05
A0A2Y9DYA7	LC04
A0A2Y9F1S7	LC05
A0A2Y9FCZ4	LC05
A0A2Y9FF34	LC10
A0A2Y9HTE7	LC05
A0A2Y9I2H7	LC04
A0A2Y9I738	LC04
A0A2Y9ICL8	LC00
A0A2Y9JH30	LC10
A0A2Y9JIC2	LC05
A0A2Y9JMJ6	LC04
A0A2Y9K128	LC00
A0A2Y9K1G4	LC00
A0A2Y9M9A0	LC05
A0A2Y9MAK0	LC10
A0A2Y9MNM2	LC05
A0A2Y9NZ32	LC00
A0A2Y9PA18	LC00
A0A2Y9QCG0	LC05
A0A2Y9QGX6	LC00
A0A2Y9QJ49	LC05
A0A2Y9R968	LC11
A0A2Y9TGH1	LC05
A0A2Y9TJQ4	LC11
A0A2Z6MTF4	LC02
A0A2Z6QTQ7	LC08
A0A2Z7C2E1	LC02
A0A2Z7CY49	LC02
A0A314Y0T5	LC02
A0A318MVL5	LC08
A0A318S9H3	LC08
A0A328A1X4	LC06
A0A328D486	LC02
A0A328EA72	LC02
A0A337SM65	LC00
A0A337SML0	LC05
A0A340W9Q4	LC04
A0A340XDA0	LC10
A0A340XDC8	LC05
A0A340XDU7	LC00
A0A340XEB3	LC00
A0A340XH88	LC10
A0A341AFP9	LC00
A0A341AFQ3	LC03
A0A341C6E6	LC05
A0A341D348	LC05
A0A341D374	LC10
A0A341D3B9	LC11
A0A341D618	LC05
A0A345DQ50	LC03
A0A345Z3R2	LC03
A0A349U1L4	LC06
A0A349U1R8	LC03
A0A351C195	LC03
A0A369BQQ1	LC08
A0A369S8B9	LC06
A0A369SH03	LC00
A0A383WIK5	LC02
A0A384ANV3	LC10
A0A384AP05	LC10
A0A384B240	LC04
A0A384B2V2	LC04
A0A384BEK0	LC00
A0A384BFA3	LC00
A0A384CAC6	LC04
A0A384CV91	LC05
A0A397UGP9	LC08
A0A398AAU0	LC02
A0A399Z9Z3	LC08
A0A3A9BRA9	LC03
A0A3B0K976	LC03
A0A3B0KC97	LC03
A0A3B1IEL4	LC04
A0A3B1JAB3	LC05
A0A3B3B7H3	LC05
A0A3B3HCK2	LC04
A0A3B3Q6D0	LC08
A0A3B3R9B1	LC05
A0A3B3S0P6	LC00
A0A3B3UKK5	LC00
A0A3B3UL45	LC05
A0A3B3X4B1	LC00
A0A3B3Y0C6	LC05
A0A3B3Y0C7	LC04
A0A3B3Z555	LC04
A0A3B3ZS81	LC00
A0A3B4AWL4	LC04
A0A3B4B7H2	LC05
A0A3B4BB65	LC10
A0A3B4C2F5	LC04
A0A3B4CRR3	LC04
A0A3B4E947	LC05
A0A3B4F1J6	LC04
A0A3B4F3J0	LC04
A0A3B4F5L9	LC10
A0A3B4FJ44	LC00
A0A3B4FMY6	LC03
A0A3B4GEA2	LC05
A0A3B4X6F7	LC10
A0A3B4Y1L1	LC11
A0A3B4Y1M3	LC11
A0A3B4Y1W7	LC03
A0A3B4YD08	LC10
A0A3B4ZFC2	LC04
A0A3B5A163	LC05
A0A3B5B9U3	LC00
A0A3B5KE44	LC00
A0A3B5KLS9	LC00
A0A3C2B4N3	LC08
A0A3D0MV76	LC03
A0A3D1E7Q3	LC03
A0A3D1RM32	LC02
A0A3D5H782	LC03
A0A3L6FIY9	LC02
A0A3L6QW87	LC02
A0A3L6R8Q0	LC02
A0A3L6RFX9	LC02
A0A3L6SKY6	LC02
A0A3L6SZ17	LC02
A0A3L6T434	LC02
A0A3L8S430	LC04
A0A3L8S4I0	LC00
A0A3L8SJJ2	LC04
A0A3M0KKL8	LC04
A0A3M1A902	LC03
A0A3M1B3X3	LC06
A0A3M1YNE3	LC03
A0A3M2G9S2	LC06
A0A3M6T4I3	LC03
A0A3M7L488	LC02
A0A3N0XUW6	LC04
A0A3N0YN82	LC04
A0A3N5IDP2	LC03
A0A3N6Q0T5	LC02
A0A3P6A996	LC02
A0A3P6ASY1	LC02
A0A3P6BKI0	LC02
A0A3P7DUY6	LC07
A0A3P7EGQ2	LC08
A0A3P8UG78	LC05
A0A3P8VZU1	LC04
A0A3P8W8P1	LC05
A0A3P8WL28	LC00
A0A3P8WRS1	LC06
A0A3P8YAT2	LC05
A0A3P8YTK1	LC00
A0A3P9A2S5	LC05
A0A3P9A2U7	LC05
A0A3P9B983	LC04
A0A3P9B9B0	LC04
A0A3P9H7U9	LC05
A0A3P9K587	LC00
A0A3P9KXA0	LC04
A0A3P9L3S2	LC05
A0A3P9Q8P1	LC04
A0A3Q0CRQ4	LC11
A0A3Q0DNK1	LC00
A0A3Q0DQ41	LC00
A0A3Q0DRD2	LC00
A0A3Q0DRW7	LC00
A0A3Q0E5A1	LC05
A0A3Q0E914	LC05
A0A3Q0EAN2	LC11
A0A3Q0G323	LC04
A0A3Q0H4J1	LC00
A0A3Q0HAK1	LC11
A0A3Q0KPP4	LC08
A0A3Q1B1W0	LC00
A0A3Q1CV22	LC05
A0A3Q1FA15	LC05
A0A3Q1I7T1	LC05
A0A3Q1M097	LC00
A0A3Q1M164	LC00
A0A3Q1MES5	LC00
A0A3Q1N233	LC00
A0A3Q2CGN2	LC00
A0A3Q2CSF7	LC05
A0A3Q2DL28	LC04
A0A3Q2DSZ1	LC00
A0A3Q2E2E5	LC05
A0A3Q2PDR4	LC00
A0A3Q2PWD0	LC04
A0A3Q2TG36	LC05
A0A3Q2U0J2	LC04
A0A3Q2UZ56	LC04
A0A3Q2V2W7	LC05
A0A3Q2VTS7	LC00
A0A3Q2W3U7	LC00
A0A3Q2WK90	LC04
A0A3Q2YRT1	LC04
A0A3Q2ZVU0	LC04
A0A3Q3B4V8	LC05
A0A3Q3DCN3	LC11
A0A3Q3ED88	LC05
A0A3Q3FJB6	LC00
A0A3Q3FM99	LC00
A0A3Q3FTR6	LC04
A0A3Q3G5J4	LC00
A0A3Q3GLP8	LC04
A0A3Q3VVL7	LC06
A0A3Q3VZ79	LC00
A0A3Q3W0L7	LC10
A0A3Q3W5J2	LC10
A0A3Q3WX13	LC05
A0A3Q4AWH6	LC05
A0A3Q4MKJ0	LC04
A0A3Q4N1J5	LC00
A0A3Q7NR95	LC11
A0A3Q7NSA2	LC05
A0A3Q7QCX4	LC00
A0A3Q7QFF9	LC00
A0A3Q7QFG4	LC00
A0A3Q7QFG8	LC00
A0A3Q7QFU3	LC00
A0A3Q7QFU7	LC00
A0A3Q7QFV4	LC00
A0A3Q7QQV7	LC00
A0A3Q7RS56	LC04
A0A3Q7RVB9	LC00
A0A3Q7RXR7	LC11
A0A3Q7S3E6	LC05
A0A3Q7TVI1	LC04
A0A3R7PNS3	LC03
A0A3R7QGM9	LC00
A0A3R9M8I6	LC06
A0A3S0ZAY1	LC03
A0A3S2Q055	LC04
A0A3S3NZQ4	LC03
A0A3S3PE53	LC03
A0A401NH89	LC05
A0A401NHQ3	LC10
A0A401NQR0	LC05
A0A401RY39	LC11
A0A401RZJ7	LC05
A0A401T771	LC03
A0A418AM86	LC08
A0A419K2V1	LC01
A0A420VFK7	LC06
A0A420Z8F0	LC07
A0A423TG80	LC03
A0A423TK01	LC03
A0A424HML9	LC03
A0A426YT25	LC02
A0A433DFH5	LC08
A0A433U6G1	LC00
A0A437CL32	LC04
A0A437D032	LC05
A0A437DL99	LC00
A0A438E113	LC02
A0A443NUS7	LC02
A0A443P3K0	LC02
A0A444DHR1	LC02
A0A444TYF9	LC10
A0A444U4G3	LC00
A0A444UGF6	LC00
A0A444UME8	LC10
A0A444UVB8	LC11
A0A445ETN5	LC02
A0A445L5E8	LC02
A0A450X0A7	LC03
A0A452G177	LC05
A0A452G1C2	LC00
A0A452I1M9	LC05
A0A452ITJ3	LC08
A0A452Z6K3	LC02
A0A452Z6K7	LC02
A0A452Z6N7	LC02
A0A452Z6P2	LC02
A0A453G1S4	LC02
A0A455BIG5	LC05
A0A455BUP6	LC10
A0A455BXG0	LC05
A0A482V2T0	LC00
A0A482VXV2	LC00
A0A482XGX2	LC00
A0A484CJV0	LC04
A0A484DDS3	LC05
A0A484L0R6	LC02
A0A484LZ71	LC02
A0A484MNY3	LC02
A0A484NKC8	LC02
A0A485MFH0	LC11
A0A485MGI6	LC10
A0A485MGV8	LC10
A0A485MIW2	LC05
A0A493TIV0	LC05
A0A497BYH2	LC06
A0A498IW14	LC02
A0A498JWG7	LC02
A0A498LVL2	LC03
A0A498N1Y9	LC11
A0A498NW51	LC05
A0A4D6M2F4	LC02
A0A4D9DUA2	LC05
A0A4D9E3I7	LC04
A0A4E0QYT0	LC00
A0A4P1QSG0	LC02
A0A4P6MLJ5	LC02
A0A4P7AH45	LC03
A0A4Q0UTB0	LC03
A0A4Q2UJN4	LC03
A0A4Q3XR04	LC03
A0A4Q4WTM9	LC08
A0A4R2RPC8	LC03
A0A4S2KP39	LC03
A0A4S2KZ99	LC00
A0A4S4DCB7	LC02
A0A4S8I7T9	LC02
A0A4S8JKZ7	LC02
A0A4U1EUW9	LC00
A0A4U5PC97	LC06
A0A4U5QEX0	LC02
A0A4U5R2R5	LC02
A0A4U5UV54	LC08
A0A4U5V6K9	LC04
A0A4U5V9L4	LC04
A0A4U5VA01	LC04
A0A4U5VBA0	LC00
A0A4W3GIH9	LC05
A0A4W3GJC5	LC10
A0A4W3HCP6	LC05
A0A4W3IYS2	LC00
A0A4W3J8D0	LC00
A0A4W4GXD8	LC06
A0A4W5LWB6	LC04
A0A4W5MNV2	LC00
A0A4W5NHN5	LC05
A0A4W6BMN5	LC00
A0A4W6E4F3	LC04
A0A4W6F8M7	LC04
A0A4W6GAY0	LC05
A0A4X1TA10	LC04
A0A4X1UPG2	LC00
A0A4X1W1K1	LC10
A0A4X2MB55	LC05
A0A4Y1QVV5	LC02
A0A4Y8I7N6	LC03
A0A4Z2AYB5	LC04
A0A4Z2BCS0	LC05
A0A4Z2C630	LC00
A0A4Z2DF08	LC00
A0A4Z2ESM1	LC10
A0A4Z2GG95	LC08
A0A4Z2HDL9	LC00
A0A502M983	LC03
A0A507DKR1	LC08
A0A512BVT3	LC03
A0A523TY42	LC03
A0A533ZWD0	LC03
A0A537LBF3	LC03
A0A540MR92	LC02
A0A540NH62	LC02
A0A540V9I0	LC08
A0A542FFF0	LC08
A0A553N2V9	LC03
A0A553NLE4	LC05
A0A553NPP8	LC00
A0A553NSQ8	LC03
A0A553P736	LC08
A0A553PLM4	LC03
A0A553PQA7	LC03
A0A553QYD6	LC05
A0A553QYE1	LC04
A0A556TU17	LC10
A0A556V6N3	LC05
A0A565B017	LC02
A0A5A7P492	LC02
A0A5A7PCW6	LC02
A0A5A7PYY0	LC02
A0A5A7TCC2	LC02
A0A5A8CZL3	LC02
A0A5A8DGI5	LC02
A0A5A8DUI2	LC02
A0A5A8EJI0	LC03
A0A5A9P2X9	LC05
A0A5A9PEC7	LC05
A0A5A9PR87	LC03
A0A5B7DC59	LC06
A0A5B7EC72	LC00
A0A5B8MLR3	LC02
A0A5C6PDV6	LC00
A0A5C7H8X4	LC02
A0A5D2FB13	LC02
A0A5D2JIX4	LC02
A0A5D2P6Y7	LC02
A0A5D2TIY1	LC02
A0A5D2XXS1	LC02
A0A5D3BMX0	LC02
A0A5E4AJK3	LC10
A0A5E4AJY9	LC10
A0A5E4AMB1	LC05
A0A5E4JC76	LC03
A0A5E4N2D0	LC06
A0A5E4N5L3	LC00
A0A5E4N8H2	LC00
A0A5E4QVY5	LC00
A0A5E8CMG5	LC03
A0A5F8A4E1	LC05
A0A5F9C2N1	LC00
A0A5F9CI87	LC00
A0A5F9CYP7	LC10
A0A5F9D4C4	LC10
A0A5J4Y247	LC02
A0A5J5B8J1	LC02
A0A5J5BT90	LC02
A0A5J5CHW8	LC08
A0A5J5ML86	LC05
A0A5J5Q7N4	LC02
A0A5J5UE78	LC02
A0A5J9VJA7	LC02
A0A5K4ES74	LC08
A0A5K4F2N5	LC00
A0A5K4F308	LC03
A0A5K4F5F9	LC08
A0A5K4F6U7	LC01
A0A5K4F6V5	LC08
A0A5K4F8D5	LC07
A0A5M3WBQ3	LC08
A0A5N3UTF5	LC04
A0A5N3V1W4	LC05
A0A5N3VXY2	LC05
A0A5N3WMF6	LC05
A0A5N4A7E2	LC06
A0A5N4D7M7	LC05
A0A5N5FND0	LC02
A0A5N5IBI6	LC02
A0A5N5IZN0	LC02
A0A5N5K7U3	LC00
A0A5N5KD62	LC05
A0A5N5KHY6	LC02
A0A5N5M102	LC04
A0A5N5SIR8	LC00
A0A5N6LW04	LC02
A0A5N6NK84	LC02
A0A5N6QXV0	LC02
A0A5P1FLI8	LC02
A0A5S6PS40	LC01
A0A5S9WRL5	LC02
A0A643CH21	LC00
A0A653CAS1	LC00
A0A653DII7	LC06
A0A654ENJ6	LC02
A0A661Y3P0	LC03
A0A662ERR5	LC06
A0A662YSN2	LC10
A0A663MUR4	LC05
A0A665VR32	LC05
A0A667YTF8	LC05
A0A669CCM9	LC05
A0A669CM03	LC10
A0A669ECC7	LC11
A0A669EV93	LC05
A0A669F0A1	LC05
A0A669PWX6	LC02
A0A670IRE8	LC04
A0A670ISG8	LC00
A0A671ES24	LC00
A0A671F0B1	LC00
A0A671L5E3	LC05
A0A671LJP8	LC00
A0A671LKB0	LC00
A0A671LLC0	LC00
A0A671ML37	LC00
A0A671PID2	LC04
A0A671Q9V9	LC04
A0A671S524	LC04
A0A672JPZ2	LC10
A0A672JQ85	LC05
A0A672K0S3	LC00
A0A672Q4B8	LC04
A0A672QA74	LC10
A0A672QZW1	LC00
A0A672R0C7	LC00
A0A672STT6	LC04
A0A673BMI1	LC05
A0A673G3L0	LC04
A0A673H9W7	LC00
A0A673HAJ8	LC00
A0A673HM35	LC04
A0A673IMV8	LC04
A0A673KVV7	LC05
A0A673KW04	LC05
A0A673KW05	LC05
A0A673LIV8	LC00
A0A673ZF88	LC11
A0A674ENY5	LC00
A0A674EPW1	LC00
A0A674GDN7	LC04
A0A674H9N0	LC11
A0A674HCL7	LC00
A0A674HPD7	LC04
A0A674ICY1	LC10
A0A674IFS9	LC05
A0A674NMI4	LC05
A0A674PNN2	LC04
A0A6A0HTF8	LC06
A0A6A4QLC8	LC02
A0A6A4RUS5	LC10
A0A6A4S3S8	LC00
A0A6A4SC47	LC04
A0A6A4SUW4	LC05
A0A6A4VJG3	LC00
A0A6A4VMV5	LC00
A0A6A4W188	LC00
A0A6A5D3S4	LC08
A0A6A5EJC3	LC00
A0A6A5EPV7	LC10
A0A6A5EUD2	LC04
A0A6A5LSV5	LC02
A0A6A6MYB5	LC02
A0A6B0R374	LC00
A0A6B0RIT8	LC05
A0A6B0RZ39	LC04
A0A6C0AF74	LC03
A0A6C0AHF7	LC06
A0A6C0ARP2	LC06
A0A6C0ASB7	LC06
A0A6C0AU65	LC06
A0A6C0B522	LC06
A0A6C0B5Z3	LC06
A0A6C0B8D8	LC06
A0A6C0B974	LC06
A0A6C0BFG8	LC03
A0A6C0BQ52	LC06
A0A6C0C106	LC06
A0A6C0CM22	LC10
A0A6C0CRP5	LC06
A0A6C0D940	LC06
A0A6C0DYL4	LC06
A0A6C0E8B7	LC03
A0A6C0ESE8	LC06
A0A6C0EWC2	LC06
A0A6C0EZA1	LC03
A0A6C0F446	LC06
A0A6C0FI21	LC06
A0A6C0H0K1	LC03
A0A6C0HD10	LC06
A0A6C0HK01	LC03
A0A6C0HK91	LC06
A0A6C0HMA0	LC03
A0A6C0HQQ8	LC06
A0A6C0HW58	LC03
A0A6C0HWA3	LC06
A0A6C0HY53	LC06
A0A6C0I2Q0	LC06
A0A6C0I3G0	LC06
A0A6C0IMH5	LC06
A0A6C0IPS8	LC06
A0A6C0IS55	LC06
A0A6C0IUA8	LC06
A0A6C0IV69	LC03
A0A6C0J6Z9	LC06
A0A6C0J9I8	LC06
A0A6C0JBF6	LC02
A0A6C0JEI3	LC06
A0A6C0JFP3	LC06
A0A6C0JSU1	LC02
A0A6C0JZP7	LC06
A0A6C0KCB3	LC06
A0A6C0KE03	LC06
A0A6C0KJS1	LC06
A0A6C0KQ74	LC02
A0A6C0LNE9	LC06
A0A6C0LW89	LC03
A0A6C0LY89	LC03
A0A6C0LYK3	LC06
A0A6D2KHB8	LC02
A0A6D2X8D1	LC04
A0A6D2XDZ1	LC05
A0A6D2XQU6	LC10
A0A6F9A0G5	LC04
A0A6F9A639	LC10
A0A6F9AF33	LC05
A0A6F9BTN5	LC00
A0A6F9D9Z2	LC05
A0A6F9DB53	LC05
A0A6G0I1J7	LC04
A0A6G0I942	LC04
A0A6G0IL65	LC05
A0A6G0T705	LC00
A0A6G0TY19	LC06
A0A6G0YK61	LC06
A0A6G1E3D1	LC02
A0A6G1EUE6	LC02
A0A6G1PZW1	LC05
A0A6G1QGM8	LC04
A0A6G1QRR4	LC04
A0A6G1R143	LC00
A0A6G1SF43	LC03
A0A6I8MZW5	LC05
A0A6I8VAY4	LC03
A0A6I9HTM7	LC05
A0A6I9IGQ5	LC04
A0A6I9IQB5	LC05
A0A6I9LG06	LC00
A0A6I9M284	LC04
A0A6I9MCP3	LC05
A0A6I9MKJ8	LC05
A0A6I9MU46	LC05
A0A6I9NS36	LC04
A0A6I9QM45	LC02
A0A6I9RRI1	LC02
A0A6I9UPI1	LC02
A0A6I9VQZ5	LC03
A0A6I9VW14	LC03
A0A6I9W736	LC03
A0A6I9YGX0	LC11
A0A6I9YJM0	LC04
A0A6I9YSK5	LC00
A0A6I9ZNK1	LC00
A0A6I9ZP76	LC00
A0A6J0A230	LC04
A0A6J0BFX2	LC03
A0A6J0CLS9	LC11
A0A6J0DC98	LC00
A0A6J0I832	LC05
A0A6J0I9V0	LC04
A0A6J0IBJ0	LC04
A0A6J0IM84	LC00
A0A6J0J027	LC04
A0A6J0KVV3	LC02
A0A6J0KWT6	LC02
A0A6J0SHF7	LC04
A0A6J0SQ01	LC04
A0A6J0TBD6	LC08
A0A6J0UJT0	LC04
A0A6J0ULJ8	LC05
A0A6J0W8A2	LC04
A0A6J0XPC8	LC05
A0A6J0XSP2	LC05
A0A6J1AQM4	LC02
A0A6J1D8R2	LC02
A0A6J1GCB3	LC02
A0A6J1I8M7	LC02
A0A6J1MAM2	LC03
A0A6J1MF87	LC03
A0A6J1MNA6	LC00
A0A6J1MZK1	LC00
A0A6J1PM02	LC03
A0A6J1PMS8	LC03
A0A6J1PMY1	LC03
A0A6J1PMY4	LC03
A0A6J1SUK4	LC00
A0A6J1UA94	LC00
A0A6J1UBV1	LC00
A0A6J1UH63	LC00
A0A6J1UUQ1	LC04
A0A6J1VIP9	LC04
A0A6J1VKJ0	LC11
A0A6J1WT47	LC00
A0A6J1WTR2	LC00
A0A6J2ADE8	LC05
A0A6J2AEU2	LC10
A0A6J2ANY6	LC00
A0A6J2APE6	LC00
A0A6J2ATK8	LC00
A0A6J2DKY4	LC04
A0A6J2F2I4	LC00
A0A6J2F2I9	LC00
A0A6J2F4P5	LC00
A0A6J2F8W6	LC03
A0A6J2F8X6	LC00
A0A6J2FGY9	LC05
A0A6J2GFL2	LC00
A0A6J2GFZ0	LC00
A0A6J2GX49	LC04
A0A6J2GXA8	LC04
A0A6J2HXC0	LC05
A0A6J2ICJ1	LC04
A0A6J2JPK9	LC00
A0A6J2JQG0	LC00
A0A6J2JTF5	LC00
A0A6J2JYI2	LC06
A0A6J2KQT9	LC00
A0A6J2L5Y8	LC04
A0A6J2M1V0	LC11
A0A6J2M5B9	LC05
A0A6J2QAZ6	LC05
A0A6J2QCC1	LC05
A0A6J2QRR6	LC04
A0A6J2R8A2	LC00
A0A6J2RA26	LC00
A0A6J2T2B1	LC03
A0A6J2T2C7	LC03
A0A6J2T3C3	LC03
A0A6J2UNM7	LC00
A0A6J2UX12	LC04
A0A6J2VK69	LC05
A0A6J2VQ93	LC05
A0A6J2VYT7	LC04
A0A6J2XBL3	LC00
A0A6J2XTA3	LC00
A0A6J2XTR2	LC06
A0A6J3B1X2	LC04
A0A6J3B8D5	LC11
A0A6J3D264	LC04
A0A6J3DMC6	LC04
A0A6J3E8U3	LC04
A0A6J3EDJ6	LC04
A0A6J3EDZ0	LC04
A0A6J3HCI4	LC10
A0A6J3HD13	LC05
A0A6J3HDH1	LC10
A0A6J3ICE2	LC00
A0A6J3IDB6	LC00
A0A6J3JVJ0	LC03
A0A6J4WRY4	LC03
A0A6J5TTW6	LC02
A0A6J5WC75	LC02
A0A6J8BHB0	LC06
A0A6J8CFV2	LC00
A0A6L2PPC9	LC00
A0A6M1UFT3	LC06
A0A6M2DCM8	LC00
A0A6N1DWQ4	LC08
A0A6N2BH44	LC02
A0A6N2D4J6	LC03
A0A6N2MFB6	LC02
A0A6P3DUA2	LC03
A0A6P3EUH7	LC00
A0A6P3EXT0	LC05
A0A6P3GNH9	LC05
A0A6P3H623	LC04
A0A6P3ICE8	LC00
A0A6P3Q1I8	LC05
A0A6P3W6W1	LC05
A0A6P3WEV2	LC05
A0A6P3WQL0	LC03
A0A6P3WQP3	LC03
A0A6P3WR72	LC03
A0A6P3Y574	LC03
A0A6P4AKI6	LC02
A0A6P4CQA6	LC02
A0A6P4F3Z4	LC03
A0A6P4F7U3	LC03
A0A6P4JAG6	LC03
A0A6P4XW76	LC08
A0A6P4ZZM1	LC05
A0A6P5A3H8	LC03
A0A6P5CHK7	LC05
A0A6P5CJR0	LC11
A0A6P5G2F3	LC02
A0A6P5KF27	LC04
A0A6P5LY06	LC05
A0A6P5LY11	LC05
A0A6P5M4F4	LC10
A0A6P5M5C3	LC05
A0A6P5PK20	LC04
A0A6P5PQE7	LC05
A0A6P5RH02	LC02
A0A6P5WQF5	LC02
A0A6P6B9M0	LC02
A0A6P6CCW1	LC10
A0A6P6CCY2	LC11
A0A6P6DRB8	LC05
A0A6P6DYK9	LC00
A0A6P6EPH4	LC10
A0A6P6EPI1	LC10
A0A6P6EQE7	LC10
A0A6P6HKF9	LC00
A0A6P6HPI5	LC04
A0A6P6IH64	LC05
A0A6P6IVR3	LC04
A0A6P6IXV8	LC04
A0A6P6KGJ1	LC00
A0A6P6KI07	LC00
A0A6P6LZI2	LC04
A0A6P6M2F2	LC04
A0A6P6M510	LC04
A0A6P6NGC6	LC04
A0A6P6P3N7	LC05
A0A6P6P4S0	LC05
A0A6P6PS81	LC00
A0A6P6ULY1	LC02
A0A6P6UMY0	LC02
A0A6P6UWU3	LC02
A0A6P6XPB5	LC03
A0A6P7FA76	LC06
A0A6P7IYU7	LC05
A0A6P7JAN7	LC04
A0A6P7JK37	LC04
A0A6P7JQY4	LC00
A0A6P7JV68	LC00
A0A6P7NJ71	LC05
A0A6P7P7H2	LC04
A0A6P7PDL7	LC00
A0A6P7PFH2	LC00
A0A6P7PRJ1	LC00
A0A6P7PVC4	LC00
A0A6P7PZC7	LC00
A0A6P7R5F4	LC11
A0A6P7SFB4	LC00
A0A6P7SHZ7	LC00
A0A6P7X6B4	LC05
A0A6P7XYK2	LC05
A0A6P7Y3P3	LC11
A0A6P7YBD0	LC00
A0A6P7YC00	LC00
A0A6P8FLV5	LC00
A0A6P8FME8	LC00
A0A6P8FUU6	LC05
A0A6P8G0D7	LC04
A0A6P8I5V3	LC00
A0A6P8IC02	LC00
A0A6P8M8H4	LC03
A0A6P8RAJ2	LC11
A0A6P8REG2	LC00
A0A6P8RJ18	LC05
A0A6P8SFD4	LC04
A0A6P8SKX4	LC04
A0A6P8SQ61	LC11
A0A6P8UPE3	LC00
A0A6P8URP0	LC03
A0A6P8US88	LC00
A0A6P8VTS6	LC05
A0A6P8VUJ2	LC04
A0A6P8X310	LC05
A0A6P8X3X3	LC11
A0A6P8YJJ1	LC00
A0A6P8YKD2	LC00
A0A6P9CAM1	LC00
A0A6P9CEJ2	LC03
A0A6P9CMZ7	LC00
A0A6P9CTV0	LC04
A0A6P9D4S8	LC04
A0A6P9F5F7	LC03
A0A6V7NHR3	LC02
A0A6V7QFV7	LC02
A0A6V8LJY3	LC08
A0A7C2XSM7	LC08
A0A7C3FUN4	LC03
A0A7C7U1U1	LC03
A0A7E5VU11	LC00
A0A7E5VU89	LC00
A0A7E6ET59	LC00
A0A7E6ET76	LC03
A0A7E6EUX7	LC00
A0A7E6EW20	LC00
A0A7F5RKH1	LC06
A0A7F8Q957	LC11
A0A7F8QMY2	LC00
A0A7F8QQL7	LC03
A0A7G2E5S2	LC02
A0A7G9LXL7	LC08
A0A7H5EX15	LC03
A0A7I4B7A6	LC02
A0A7I4KHF0	LC07
A0A7I8J1I2	LC02
A0A7I8KR83	LC02
A0A7I8VDQ5	LC03
A0A7I8VHA9	LC00
A0A7J0FDV0	LC02
A0A7J0FWI0	LC08
A0A7J0GG28	LC02
A0A7J2RHX6	LC03
A0A7J2Z1I5	LC05
A0A7J4B1S0	LC06
A0A7J4JGL0	LC05
A0A7J5XZD7	LC00
A0A7J5YK87	LC04
A0A7J5YR86	LC05
A0A7J5ZY29	LC05
A0A7J6A3F4	LC04
A0A7J6A4Q1	LC04
A0A7J6B6X9	LC00
A0A7J6D3G8	LC05
A0A7J6FSS1	LC02
A0A7J6X4X7	LC02
A0A7J7EUB1	LC05
A0A7J7FFD0	LC04
A0A7J7HS10	LC02
A0A7J7IZJ6	LC00
A0A7J7LA29	LC02
A0A7J7SLF6	LC00
A0A7J7V1F1	LC00
A0A7J7V1Q2	LC00
A0A7J7VUA3	LC10
A0A7J7ZD65	LC11
A0A7J8CBJ8	LC00
A0A7J8CBL7	LC00
A0A7J8CBQ0	LC00
A0A7J8CM96	LC00
A0A7J8CMA1	LC00
A0A7J8CMD9	LC00
A0A7J8E6J5	LC11
A0A7J8E6L9	LC04
A0A7J8E6Y9	LC11
A0A7J8FF97	LC10
A0A7J8FFN8	LC11
A0A7J8FFU5	LC05
A0A7J8FGY4	LC10
A0A7J8M0M6	LC02
A0A7J9BUW9	LC02
A0A7J9E3Q2	LC02
A0A7J9J6Q9	LC02
A0A7K1CT95	LC03
A0A7M4EC96	LC00
A0A7M4EGY8	LC04
A0A7M4EZN1	LC04
A0A7M4F0M1	LC05
A0A7M7K120	LC00
A0A7M7K3V1	LC00
A0A7M7K9S1	LC00
A0A7M7L128	LC03
A0A7M7LT45	LC03
A0A7M7MDK2	LC03
A0A7M7N7W2	LC00
A0A7N4UYM8	LC00
A0A7N5KCS5	LC00
A0A7N5P2A3	LC00
A0A7N5P5F6	LC00
A0A7N6A0Z1	LC00
A0A7R5KG46	LC05
A0A7R8CRT7	LC06
A0A7R8D1V9	LC03
A0A7R8H5K7	LC03
A0A7R8VLV2	LC00
A0A7R8W569	LC06
A0A7R8XB73	LC08
A0A7R9A6R8	LC00
A0A7R9BG17	LC00
A0A7R9CKT0	LC00
A0A7R9DCN7	LC00
A0A7R9E6P9	LC00
A0A7R9E8R6	LC00
A0A7R9FKZ5	LC00
A0A7R9GE12	LC03
A0A7R9GLI8	LC00
A0A7R9I0J8	LC03
A0A7R9JTA8	LC00
A0A7R9LB40	LC06
A0A7R9LDP5	LC02
A0A7R9MCF1	LC06
A0A7R9PIH7	LC06
A0A7S0R5H9	LC02
A0A7S0R5X4	LC02
A0A7S0X7C6	LC02
A0A7S1H8S1	LC06
A0A7S1MZN8	LC02
A0A7S2T2R8	LC02
A0A7S3CJ59	LC08
A0A7S3GKR2	LC02
A0A7T8K7H9	LC03
A0A7V0U509	LC06
A0A7V5SBY3	LC03
A0A7W1KE38	LC06
A0A7W1KF79	LC06
A0A7W1QJH0	LC07
A0A7X7C8A9	LC02
A0A7X9XAY8	LC03
A0A7Y5JMR5	LC03
A0A7Y5QWX9	LC06
A0A7Z2RNS6	LC03
A0A803JWR9	LC05
A0A803M4Z7	LC02
A0A803Q916	LC02
A0A803VTM5	LC05
A0A803W661	LC04
A0A803WGM3	LC00
A0A803XPU9	LC10
A0A804HYL9	LC02
A0A804IFB3	LC02
A0A811NDS1	LC02
A0A811NJT0	LC02
A0A811NX50	LC02
A0A811PAI6	LC02
A0A811RQD1	LC02
A0A811RYT4	LC02
A0A811XY49	LC04
A0A812I241	LC06
A0A812YA43	LC06
A0A813MBG3	LC06
A0A813MBS0	LC00
A0A813MP54	LC00
A0A813NT29	LC00
A0A813Q822	LC00
A0A813QIA8	LC00
A0A813QMG1	LC00
A0A813QNA5	LC00
A0A813RGL6	LC00
A0A813RK49	LC00
A0A813RV11	LC00
A0A813RY20	LC00
A0A813TR38	LC00
A0A813W6L0	LC00
A0A813Y6Y2	LC00
A0A813YRS1	LC00
A0A813Z767	LC00
A0A814BCC7	LC00
A0A814CPZ7	LC00
A0A814F7K3	LC00
A0A814KB79	LC03
A0A814QNR5	LC00
A0A814UKL4	LC00
A0A814ZCA6	LC00
A0A815B438	LC00
A0A815J0C2	LC00
A0A815J345	LC00
A0A815LXS1	LC00
A0A815T1D1	LC00
A0A816B1E0	LC03
A0A816B274	LC00
A0A816K7W0	LC02
A0A816L7P5	LC00
A0A816LX18	LC00
A0A816Q1Q6	LC00
A0A816QNE8	LC02
A0A816WXQ9	LC02
A0A816X3X9	LC02
A0A816ZBK2	LC02
A0A817FSK3	LC00
A0A817J2J5	LC00
A0A817TPE1	LC00
A0A817VWK1	LC00
A0A817Y5V6	LC00
A0A817YAU4	LC00
A0A818EN08	LC00
A0A818M1C3	LC08
A0A818UTT8	LC00
A0A819B6B9	LC00
A0A819C4Y1	LC00
A0A819GNR2	LC00
A0A819H4E8	LC00
A0A819M009	LC00
A0A819M625	LC00
A0A819QJ22	LC00
A0A819UVE9	LC00
A0A820IGZ7	LC00
A0A820PXM7	LC03
A0A820Y7M3	LC00
A0A821GN10	LC00
A0A821SR70	LC03
A0A821SZM6	LC03
A0A821WIF4	LC00
A0A821YZ38	LC00
A0A830B811	LC02
A0A830HGY5	LC02
A0A831JPQ9	LC01
A0A832ILS7	LC03
A0A833R8Z2	LC02
A0A833ZV04	LC10
A0A834A4W9	LC05
A0A834AQ72	LC03
A0A834BAU0	LC11
A0A834BI71	LC05
A0A834DH28	LC03
A0A834FFF4	LC05
A0A834FIW4	LC10
A0A834FRZ1	LC00
A0A834GW24	LC02
A0A834HRN2	LC06
A0A834L3K7	LC04
A0A834RE80	LC03
A0A834WL87	LC02
A0A834YCN4	LC02
A0A834ZZZ0	LC02
A0A835BY59	LC02
A0A835C1J9	LC02
A0A835DH67	LC02
A0A835EG00	LC02
A0A835F8S2	LC02
A0A835FU25	LC02
A0A835FWH2	LC02
A0A835JH41	LC02
A0A835LB99	LC00
A0A835LS51	LC02
A0A835MCR0	LC02
A0A835NLG8	LC04
A0A835PAF7	LC02
A0A835UIS1	LC02
A0A835VRW2	LC02
A0A835WQ44	LC02
A0A835XLG2	LC02
A0A835ZVT0	LC00
A0A836ACF7	LC10
A0A838E2N2	LC06
A0A838ESN6	LC03
A0A838VWY0	LC06
A0A838VX94	LC06
A0A843TTH1	LC02
A0A843UBZ1	LC08
A0A8B6C4C1	LC00
A0A8B6C4M0	LC00
A0AK51	LC09
A0B7X3	LC07
A0BLQ4	LC02
A0BYN0	LC02
A0BYP7	LC03
A0CT58	LC10
A0CT82	LC02
A0DIK8	LC05
A0DRR8	LC06
A0KJ92	LC09
A0KKH9	LC01
A0KW30	LC01
A0KWN8	LC09
A0L8T5	LC01
A0Q3M5	LC01
A0Q893	LC01
A0QSH8	LC07
A0RPD2	LC01
A1A9Z2	LC01
A1AVP9	LC01
A1B5Z0	LC08
A1BGY2	LC01
A1JMI5	LC09
A1JN89	LC01
A1KST1	LC01
A1QYG8	LC08
A1S792	LC01
A1T4T2	LC07
A1UBR9	LC07
A1USR5	LC07
A1UU99	LC09
A1V4T2	LC01
A1VYZ9	LC07
A2BJP9	LC07
A2BNS4	LC01
A2BTB8	LC07
A2BUA6	LC01
A2BYR7	LC07
A2BZV6	LC01
A2C4Y0	LC07
A2CC47	LC07
A2CD19	LC01
A2RG70	LC01
A2SBK1	LC01
A3A039	LC02
A3DM71	LC01
A3DNW6	LC07
A3MKF7	LC01
A3MSE7	LC01
A3N3B3	LC01
A3NAE5	LC01
A3NW63	LC01
A3PAJ7	LC01
A3PF28	LC07
A3PVF5	LC07
A4FYK1	LC07
A4HS93	LC07
A4HUB3	LC01
A4HVQ6	LC08
A4HWQ1	LC07
A4I5L5	LC08
A4I9I0	LC07
A4IQA8	LC09
A4JEW8	LC01
A4QBP4	LC07
A4RSU0	LC02
A4SF00	LC01
A4SLS4	LC09
A4TLR5	LC01
A4VMR6	LC01
A4W9B2	LC01
A4XHH4	LC01
A4XKN9	LC09
A4XST1	LC01
A4YIC4	LC01
A5CDS9	LC01
A5CXH6	LC01
A5D792	LC10
A5EJ24	LC01
A5FG91	LC09
A5FR84	LC01
A5GIS6	LC07
A5GP05	LC01
A5GQJ8	LC01
A5GQN5	LC08
A5GVX9	LC07
A5IBP1	LC01
A5IME2	LC09
A5IN77	LC01
A5IT05	LC09
A5PLM0	LC00
A5PMF1	LC07
A5U0B9	LC07
A5UA33	LC01
A5UAU9	LC07
A5VMX5	LC09
A5W709	LC01
A5WUY2	LC05
A6H0A6	LC09
A6LLI7	LC01
A6LNG5	LC09
A6Q322	LC07
A6Q9Z8	LC01
A6QH26	LC09
A6T702	LC09
A6U1U6	LC09
A6V3D6	LC01
A6VGL9	LC07
A6VJT1	LC07
A6VQH1	LC01
A6VXL0	LC01
A7FH32	LC01
A7GEL1	LC07
A7GJU2	LC01
A7H476	LC01
A7H4H3	LC07
A7HKW8	LC01
A7HWT2	LC07
A7I057	LC07
A7MUP2	LC09
A7MVG2	LC01
A7NQB4	LC01
A7RPV7	LC00
A7RPV8	LC00
A7X2I6	LC09
A7Z640	LC09
A7ZEH4	LC08
A7ZKK1	LC01
A7ZZ55	LC01
A8AHX4	LC01
A8B9V6	LC03
A8ETF2	LC01
A8EZQ1	LC01
A8F2H5	LC01
A8F7R9	LC09
A8FL60	LC07
A8FLH9	LC01
A8G2D5	LC01
A8G742	LC07
A8GCH2	LC09
A8GD24	LC01
A8GXQ1	LC01
A8IKN6	LC09
A8LRW0	LC01
A8LSF1	LC09
A8MB58	LC01
A8MFE4	LC09
A8Z457	LC09
A9A698	LC07
A9AAR7	LC01
A9BCY7	LC01
A9ILM1	LC09
A9M6N1	LC09
A9MB09	LC01
A9MGB6	LC01
A9N5K6	LC01
A9N7V4	LC09
A9NEH3	LC01
A9NGK9	LC09
A9R3P0	LC01
B0BSY9	LC01
B0BUU8	LC01
B0K119	LC01
B0K7K7	LC01
B0KF60	LC01
B0RXV1	LC01
B0U447	LC01
B0URV9	LC01
B0W8G8	LC00
B1AI06	LC01
B1AIY1	LC09
B1H1X0	LC00
B1I165	LC01
B1J4Z5	LC01
B1J5H0	LC09
B1JI38	LC01
B1JTS0	LC01
B1L821	LC01
B1LBI1	LC09
B1MGB3	LC07
B1MVT4	LC01
B1MVZ4	LC07
B1VAZ2	LC09
B1VEX6	LC07
B1XA08	LC01
B1Y3P1	LC08
B1YI33	LC09
B1YRL3	LC01
B2G5V3	LC01
B2GAE1	LC01
B2GC33	LC09
B2GH81	LC08
B2I7G4	LC01
B2IKW6	LC09
B2IP90	LC01
B2IRB6	LC09
B2JGP7	LC01
B2K751	LC01
B2S1K4	LC08
B2SF22	LC01
B2SS96	LC01
B2T436	LC01
B2U887	LC09
B2UBZ3	LC01
B2UVL9	LC01
B2V7X0	LC01
B2VC78	LC09
B2VDK3	LC01
B3CR61	LC01
B3DRV7	LC08
B3DUA1	LC01
B3E458	LC08
B3EDD6	LC01
B3GZ69	LC01
B3MSS5	LC03
B3P388	LC00
B3QKH1	LC01
B3QP81	LC01
B3R370	LC09
B3RPM6	LC00
B3RV41	LC06
B4DIW4	LC00
B4E0Z4	LC00
B4EBJ2	LC01
B4FI79	LC02
B4G3N4	LC03
B4IME5	LC03
B4JV40	LC03
B4K9B9	LC03
B4M0I1	LC03
B4N8I2	LC03
B4PMQ1	LC03
B4RJR3	LC01
B4S8U3	LC01
B4SAG3	LC01
B4T144	LC09
B4TFH5	LC01
B4TRU1	LC09
B4TTH0	LC01
B5BBP7	LC09
B5EEZ9	LC08
B5FG59	LC09
B5FQ53	LC09
B5QXD6	LC01
B5RBA2	LC01
B5RLM3	LC08
B5RQJ8	LC08
B5X8Q8	LC04
B5X8U8	LC04
B5XC23	LC04
B5XC27	LC04
B5Y7S6	LC01
B5YVW6	LC01
B6EJ04	LC01
B6JCN5	LC09
B6JNX2	LC01
B6U6Y9	LC02
B6YSN8	LC08
B6YSZ4	LC01
B7GFF9	LC01
B7GHN1	LC09
B7GQU5	LC08
B7GT80	LC01
B7HIJ8	LC01
B7IHT2	LC01
B7J0V4	LC08
B7LG31	LC01
B7LX32	LC01
B7MTM8	LC01
B7NAX6	LC01
B7NKI2	LC01
B7UPB4	LC01
B7V167	LC01
B7VH34	LC09
B7XIW9	LC09
B8A2S6	LC02
B8CZT1	LC01
B8DBY7	LC09
B8E2D1	LC08
B8EN73	LC09
B8F7G0	LC01
B8ZS96	LC07
B9DNU7	LC09
B9FPR1	LC02
B9K8E3	LC09
B9KFZ2	LC07
B9KG87	LC01
B9L9C1	LC01
B9L9Y8	LC07
B9MRX1	LC09
B9SLE3	LC02
C0MGT8	LC01
C0PXU6	LC09
C0QI33	LC01
C0R1X1	LC01
C0RG91	LC09
C0ZW47	LC07
C1AL67	LC07
C1BEQ2	LC04
C1BHG5	LC04
C1BHN4	LC04
C1BL62	LC00
C1BMI1	LC03
C1BMJ6	LC03
C1BMT0	LC06
C1BR45	LC06
C1BR78	LC03
C1BYR9	LC04
C1BZF4	LC10
C1C0G4	LC03
C1C0L4	LC03
C1C2H8	LC06
C1C339	LC06
C1CFI5	LC09
C1CK20	LC01
C1CRV9	LC01
C1FDF5	LC02
C1MTX8	LC02
C3K0M9	LC01
C3K6J9	LC09
C3KJS9	LC00
C3LJ02	LC01
C3MPH4	LC07
C3NDQ4	LC07
C3PL31	LC07
C3PLG0	LC01
C3ZLP5	LC00
C4K2K8	LC01
C4K3R2	LC01
C4KGQ9	LC07
C4KZW9	LC01
C4LL05	LC07
C4WTD3	LC06
C4ZS38	LC01
C5A1K2	LC01
C5A558	LC07
C5B8G5	LC01
C5BBS1	LC09
C5BU64	LC01
C5D3G6	LC09
C5XRB3	LC02
C6A0S1	LC01
C6DKS8	LC01
C6E2B2	LC09
C6E4W6	LC08
D2VTJ0	LC08
D2W0A0	LC02
D3PI47	LC03
D3ZBU8	LC08
D3ZDE4	LC05
D3ZE35	LC08
D3ZGQ2	LC00
D6W7M5	LC03
D6WVH3	LC06
D7KZ90	LC02
D8SK55	LC02
E0VRZ9	LC06
E2AZC6	LC03
E2BVS6	LC03
E3D0U2	LC03
E4XFI8	LC02
E4YMU6	LC02
E4YUH2	LC02
E5KSL5	LC05
E5KSL6	LC10
E6ZUM3	LC08
E9G7L8	LC00
E9GT29	LC00
E9P974	LC08
F1MNI9	LC00
F1QSN9	LC08
F1RUN9	LC04
F2ELM0	LC02
F4WG76	LC03
F5CTF3	LC04
F5HMK6	LC00
F6GYT1	LC02
F6VCF3	LC04
F6WR63	LC04
F7APZ2	LC05
F7CA24	LC00
F7DR19	LC10
F7DR32	LC05
F7FN05	LC04
F7G186	LC05
F7IMI0	LC10
F9UJJ7	LC08
G0QWR5	LC00
G1KN26	LC04
G1LH94	LC04
G1MG75	LC05
G1N010	LC10
G1NC82	LC10
G1NTM9	LC05
G1R861	LC04
G1SK62	LC05
G1U5Z2	LC00
G2HEN0	LC00
G2KSM3	LC03
G3H661	LC00
G3I4A2	LC10
G3I4C0	LC04
G3N1H3	LC00
G3QLL5	LC00
G3QN24	LC10
G3SIQ2	LC05
G3THS0	LC04
G4T4R7	LC08
G4V9S0	LC07
G4VN60	LC03
G5BN04	LC04
G5EC85	LC08
G7IYD9	LC02
G7MT46	LC04
G7NPX4	LC00
H0V314	LC04
H0V8G6	LC00
H0V8R2	LC11
H0WMV9	LC05
H0X0N5	LC00
H0ZBD7	LC04
H0ZHP7	LC00
H2LQ90	LC05
H2MBS7	LC04
H2NR37	LC00
H2PDJ3	LC04
H2QI54	LC05
H2U3Z9	LC05
H2YAM3	LC02
H3A3C3	LC04
H3A628	LC05
H3ARF2	LC04
I0YNM8	LC02
I1HTV7	LC02
I1JMI6	LC07
I1JZE8	LC02
I1KFZ4	LC02
I1KJD9	LC07
I3JYU0	LC04
I3K5Y5	LC00
I3K6P2	LC05
I3KMU1	LC05
I3MHL9	LC04
I3MMU0	LC05
I3MY58	LC00
I7MN20	LC02
J3JYI7	LC00
J9BHQ6	LC07
K0ET90	LC07
K0F1X4	LC08
K1Z150	LC06
K1ZFX5	LC06
K3XGR2	LC02
K3Z5H5	LC02
K4A0W8	LC02
K7FF28	LC05
K7GFB3	LC00
K7K399	LC08
K7MRW8	LC08
K7VV51	LC02
K8EBC8	LC03
L1J5L1	LC10
L5K932	LC04
L5KUI7	LC00
L5L568	LC05
L5LHR8	LC04
L5M341	LC05
L8IGY7	LC04
L9K269	LC00
L9L728	LC10
M1AJ94	LC02
M3WGC2	LC10
M3X133	LC04
M3Y8T4	LC05
M3YD98	LC04
M3ZT88	LC04
M3ZVU0	LC04
M4DHW1	LC02
M5Y4R4	LC02
M7AX91	LC04
M7Z3X8	LC02
M8B3C9	LC02
M8CV53	LC02
M9PCF9	LC08
O00142	LC00
O04905	LC07
O17622	LC07
O24706	LC07
O25502	LC08
O26009	LC01
O33007	LC07
O58736	LC07
O59366	LC01
O59771	LC08
O69169	LC01
O83373	LC01
O95299	LC03
P0A720	LC01
P0A721	LC01
P0C1F9	LC06
P0C1G0	LC06
P0CB89	LC03
P0DC02	LC01
P0DC03	LC01
P12921	LC08
P20425	LC07
P27707	LC04
P34942	LC03
P37529	LC06
P37530	LC03
P38493	LC09
P43346	LC04
P43880	LC07
P44719	LC01
P47252	LC01
P47510	LC03
P48769	LC04
P49973	LC07
P53915	LC08
P56104	LC07
P57434	LC01
P58833	LC07
P59500	LC01
P59580	LC09
P62511	LC08
P63805	LC09
P63807	LC09
P64572	LC08
P65246	LC01
P65248	LC01
P69439	LC07
P72641	LC07
P75396	LC03
P91929	LC03
P9WKF4	LC07
P9WKF5	LC07
Q02PC5	LC01
Q03E60	LC01
Q03SS3	LC01
Q03ZG6	LC01
Q03ZM5	LC07
Q043U2	LC09
Q048W8	LC01
Q04E53	LC01
Q04G65	LC07
Q04UJ2	LC01
Q04YY2	LC01
Q081H9	LC01
Q0B094	LC08
Q0BEN7	LC01
Q0BQI0	LC09
Q0BYD5	LC07
Q0DHY7	LC02
Q0HIX0	LC09
Q0HJN0	LC01
Q0HV12	LC09
Q0HVX6	LC01
Q0I5J0	LC01
Q0I6Z1	LC01
Q0ID24	LC07
Q0KDH7	LC09
Q0MQB6	LC03
Q0MQB7	LC03
Q0T5T8	LC01
Q11HZ9	LC01
Q13YY3	LC01
Q16854	LC05
Q16HE4	LC03
Q16HE5	LC03
Q180P8	LC08
Q1BD73	LC07
Q1BH55	LC01
Q1C6N6	LC01
Q1CI27	LC01
Q1CRB6	LC01
Q1G923	LC01
Q1H169	LC01
Q1ICY2	LC01
Q1LQG9	LC09
Q1LT42	LC01
Q1QEQ3	LC08
Q1QLT8	LC01
Q1QRT2	LC09
Q1QX49	LC01
Q1RD57	LC01
Q1RJZ6	LC01
Q20230	LC07
Q21233	LC03
Q214D4	LC01
Q21CB3	LC09
Q28D85	LC04
Q28DW3	LC00
Q28H12	LC07
Q28SW8	LC01
Q2A1V7	LC01
Q2G0M0	LC03
Q2G0M1	LC06
Q2ILC5	LC08
Q2JIK8	LC07
Q2KIN2	LC05
Q2LSN7	LC08
Q2NIY4	LC01
Q2NU35	LC01
Q2NUA8	LC09
Q2P8H9	LC01
Q2RHF1	LC08
Q2RLU6	LC08
Q2RXP6	LC09
Q2SK46	LC01
Q2SWM4	LC01
Q2YPN5	LC09
Q2YY79	LC09
Q30RH7	LC01
Q31D51	LC01
Q31L26	LC07
Q31ZF3	LC01
Q32C52	LC08
Q32EV8	LC01
Q38YT6	LC01
Q39FH9	LC01
Q3A381	LC08
Q3AFE0	LC08
Q3AGR0	LC08
Q3AH20	LC01
Q3AQL3	LC08
Q3AW74	LC07
Q3B043	LC01
Q3B3B1	LC01
Q3BN25	LC01
Q3IHC1	LC01
Q3JEN4	LC09
Q3JRG5	LC01
Q3K8L5	LC01
Q3MBQ2	LC01
Q3MHR2	LC04
Q3SIM9	LC01
Q3SLI4	LC08
Q3SSL6	LC01
Q3TKB4	LC10
Q3Z319	LC01
Q3Z6W5	LC08
Q3Z8D9	LC01
Q3ZXD8	LC01
Q3ZYN7	LC08
Q46844	LC08
Q46HP4	LC01
Q46IS8	LC07
Q46Y52	LC09
Q482G4	LC09
Q48L36	LC01
Q492Q6	LC01
Q4A6Z8	LC01
Q4D1A0	LC01
Q4D4A3	LC07
Q4D879	LC08
Q4DE18	LC01
Q4DIJ4	LC08
Q4DZ57	LC08
Q4JAC4	LC01
Q4JTB5	LC07
Q4JVI9	LC08
Q4K8N2	LC09
Q4KFR2	LC01
Q4KM73	LC07
Q4R5R5	LC04
Q4RT11	LC05
Q4UMX3	LC01
Q4UPG4	LC01
Q4ZQ97	LC09
Q4ZVX2	LC01
Q501D4	LC02
Q504N4	LC10
Q540Z9	LC03
Q545E8	LC04
Q54UT2	LC06
Q54YL2	LC03
Q55C85	LC08
Q55C94	LC07
Q561S0	LC03
Q57YW2	LC01
Q581B1	LC01
Q584W4	LC08
Q58EI2	LC04
Q59190	LC08
Q5BJ19	LC08
Q5BL83	LC04
Q5E416	LC01
Q5F9Z5	LC01
Q5FM02	LC01
Q5H5T5	LC01
Q5HFU6	LC09
Q5HVD2	LC07
Q5JH21	LC01
Q5JJH2	LC07
Q5L9N9	LC08
Q5LPV9	LC01
Q5NIF5	LC01
Q5PGT4	LC01
Q5QKN1	LC04
Q5QZ32	LC01
Q5SHX3	LC01
Q5VRN0	LC07
Q5WGU8	LC09
Q5WWU9	LC01
Q5X5G6	LC01
Q5XDM2	LC01
Q5XJM2	LC04
Q5Z1Q1	LC07
Q5ZJM7	LC04
Q5ZKV7	LC10
Q5ZMF3	LC04
Q5ZVP1	LC01
Q601X7	LC09
Q606M0	LC01
Q62JN9	LC01
Q63HH8	LC01
Q63V08	LC01
Q64PY1	LC08
Q65V34	LC01
Q669L8	LC01
Q67JB0	LC01
Q68W53	LC01
Q6AY91	LC08
Q6D402	LC09
Q6D683	LC01
Q6DD33	LC04
Q6FZE3	LC07
Q6FZU8	LC01
Q6G0X4	LC09
Q6G546	LC09
Q6G986	LC09
Q6GGT4	LC09
Q6GPW6	LC05
Q6K7H2	LC07
Q6KIL4	LC01
Q6L016	LC01
Q6LPE2	LC09
Q6LSW5	LC01
Q6LXR7	LC07
Q6LZK1	LC07
Q6NJ71	LC07
Q6NMK6	LC07
Q71F76	LC02
Q72I89	LC01
Q72NL9	LC01
Q73S77	LC07
Q74BZ3	LC08
Q74HC2	LC06
Q74HC3	LC06
Q74JL8	LC09
Q74KZ7	LC01
Q7M8A5	LC07
Q7M9X1	LC01
Q7MLX7	LC09
Q7N6D4	LC09
Q7NAD7	LC01
Q7NIP9	LC08
Q7U437	LC01
Q7U4I1	LC07
Q7UZW3	LC07
Q7V3E6	LC01
Q7V4G2	LC01
Q7V526	LC07
Q7V9Y1	LC07
Q7VE61	LC01
Q7VFA6	LC07
Q7VGF9	LC01
Q7VKH4	LC01
Q7VR23	LC01
Q7WSH2	LC01
Q7XI40	LC07
Q7XMI0	LC07
Q7ZUR6	LC08
Q7ZW81	LC08
Q7ZWE9	LC07
Q80US6	LC04
Q830L6	LC01
Q834T6	LC09
Q83E35	LC01
Q86LB8	LC03
Q87B89	LC01
Q87N44	LC09
Q87YH1	LC01
Q885T2	LC09
Q88YP6	LC01
Q8A677	LC08
Q8BN51	LC00
Q8CXF5	LC09
Q8D3A7	LC01
Q8D8J1	LC09
Q8DHA4	LC01
Q8DNY9	LC09
Q8DQ58	LC01
Q8DSU6	LC01
Q8EDX8	LC01
Q8EEH9	LC09
Q8F7Y6	LC01
Q8FIN9	LC01
Q8FS39	LC07
Q8G3C3	LC09
Q8G6D8	LC08
Q8IV42	LC08
Q8IZR3	LC00
Q8K9J3	LC01
Q8KCU7	LC01
Q8P3Y6	LC01
Q8PFG7	LC01
Q8PV21	LC09
Q8R9S6	LC08
Q8RA78	LC09
Q8RDE6	LC01
Q8RII8	LC09
Q8RV55	LC02
Q8U071	LC01
Q8UVZ9	LC00
Q8VCF9	LC00
Q8VY84	LC07
Q8X8H6	LC01
Q8XYH4	LC01
Q8Y5W6	LC09
Q8YEG2	LC09
Q8YPJ8	LC07
Q8Z803	LC09
Q8ZQC4	LC09
Q8ZWP7	LC08
Q8ZY35	LC01
Q91XI5	LC10
Q92A69	LC09
Q92GS5	LC01
Q92SV4	LC09
Q96M32	LC07
Q973E9	LC07
Q97Z90	LC07
Q99LC3	LC03
Q9A190	LC01
Q9BKL3	LC00
Q9C7G7	LC02
Q9CKE9	LC01
Q9DBP5	LC07
Q9HLZ2	LC01
Q9HZN8	LC01
Q9JVE7	LC01
Q9K0D9	LC01
Q9KQI2	LC01
Q9KQT2	LC09
Q9N0C5	LC00
Q9PFS7	LC01
Q9PHM8	LC07
Q9PPF3	LC01
Q9PQE9	LC09
Q9PRC5	LC01
Q9QX60	LC05
Q9R088	LC00
Q9U915	LC07
Q9UXG7	LC01
Q9V1E9	LC01
Q9V1V9	LC07
Q9X0I3	LC01
Q9X1F6	LC09
Q9X4E0	LC09
Q9XZT6	LC03
Q9ZCN9	LC01
Q9ZJE5	LC01
Q9ZLL8	LC07
R0IE40	LC02
R0IF08	LC02
R4GD08	LC05
R6VSW0	LC03
R7TZV8	LC00
R7VFJ5	LC00
R7W402	LC02
S4RFC4	LC05
S5LZ21	LC03
S7N106	LC05
S7NC86	LC00
S7NL01	LC04
S7NNZ8	LC10
S8D3S8	LC02
S9WQ10	LC08
S9YTR1	LC10
T1J4A4	LC00
T1JV84	LC06
U3DGS6	LC04
U3JBX8	LC05
U3JYW5	LC00
U3JZ87	LC04
U5U2L0	LC02
U7PJT1	LC08
U7PMD6	LC08
V3ZW62	LC03
V4CH82	LC00
V4KAC2	LC02
V4T3S7	LC02
V4TDT2	LC02
V6DH45	LC06
V6DIT2	LC06
V7BU96	LC02
W0R9N0	LC06
W1NL77	LC02
W5JIH9	LC03
W5N0Q0	LC04
W5N438	LC04
W5PR96	LC04
W5PRH4	LC05
W6ULK1	LC03
W8BZ45	LC00
W8GT15	LC03
W9QKW6	LC02
